NAME,B25070_001E,B25070_002E,B25070_003E,B25070_004E,B25070_005E,B25070_006E,B25070_007E,B25070_008E,B25070_009E,B25070_010E,B25070_011E,metropolitan statistical area/micropolitan statistical area
"Houston-The Woodlands-Sugar Land, TX Metro Area",936531.0,39520.0,74538.0,115475.0,112139.0,103922.0,75434.0,62073.0,80995.0,215600.0,56835.0,26420
"Huntington-Ashland, WV-KY-OH Metro Area",37022.0,1712.0,2773.0,2970.0,3003.0,4316.0,2571.0,1866.0,2780.0,8551.0,6480.0,26580
"Huntsville, AL Metro Area",60054.0,3543.0,6532.0,7230.0,5556.0,6893.0,3888.0,4217.0,4156.0,10886.0,7153.0,26620
"Huntsville, TX Micro Area",11666.0,283.0,1105.0,637.0,336.0,812.0,652.0,159.0,1022.0,4284.0,2376.0,26660
"Hutchinson, KS Micro Area",7852.0,179.0,990.0,849.0,1685.0,615.0,938.0,0.0,622.0,1171.0,803.0,26740
"Idaho Falls, ID Metro Area",15215.0,951.0,2362.0,2283.0,2264.0,1136.0,1362.0,859.0,1087.0,2525.0,386.0,26820
"Indiana, PA Micro Area",9782.0,359.0,1483.0,786.0,593.0,862.0,461.0,664.0,1434.0,1664.0,1476.0,26860
"Indianapolis-Carmel-Anderson, IN Metro Area",276374.0,8908.0,25809.0,37167.0,32148.0,32976.0,22199.0,15909.0,25371.0,58986.0,16901.0,26900
"Jonesboro, AR Metro Area",22375.0,974.0,2359.0,2014.0,3449.0,2079.0,1725.0,1108.0,2466.0,4162.0,2039.0,27860
"Joplin, MO Metro Area",24766.0,1695.0,1774.0,2281.0,3139.0,2988.0,1874.0,1990.0,2099.0,4581.0,2345.0,27900
"Kahului-Wailuku-Lahaina, HI Metro Area",19098.0,776.0,1320.0,2631.0,2230.0,2107.0,731.0,642.0,1606.0,5083.0,1972.0,27980
"Ithaca, NY Metro Area",17774.0,343.0,684.0,1598.0,1622.0,2184.0,1390.0,1145.0,1313.0,6262.0,1233.0,27060
"Jackson, MI Metro Area",17231.0,549.0,974.0,1955.0,2571.0,2186.0,1573.0,982.0,1520.0,3319.0,1602.0,27100
"Jackson, MS Metro Area",67755.0,2517.0,5532.0,9045.0,9380.0,8469.0,4546.0,4428.0,5612.0,12113.0,6113.0,27140
"Jackson, TN Metro Area",18858.0,461.0,2033.0,1008.0,2041.0,3063.0,2148.0,738.0,2096.0,3790.0,1480.0,27180
"Jacksonville, FL Metro Area",210111.0,5305.0,14085.0,26875.0,27595.0,24418.0,20763.0,14818.0,18215.0,45093.0,12944.0,27260
"Jacksonville, NC Metro Area",31017.0,935.0,3064.0,2735.0,5334.0,3782.0,3036.0,1844.0,3374.0,5011.0,1902.0,27340
"Jamestown-Dunkirk-Fredonia, NY Micro Area",16269.0,526.0,1437.0,2042.0,1271.0,1500.0,1538.0,629.0,1989.0,4082.0,1255.0,27460
"Janesville-Beloit, WI Metro Area",22124.0,1171.0,2141.0,4109.0,2186.0,3031.0,1767.0,1148.0,1646.0,3742.0,1183.0,27500
"Jefferson, GA Micro Area",4242.0,201.0,556.0,1114.0,341.0,354.0,359.0,80.0,200.0,354.0,683.0,27600
"Jefferson City, MO Metro Area",16491.0,1878.0,1957.0,2957.0,627.0,1218.0,1798.0,1225.0,1697.0,1906.0,1228.0,27620
"Johnson City, TN Metro Area",30053.0,2079.0,2382.0,3370.0,3915.0,3655.0,2005.0,1266.0,2717.0,4732.0,3932.0,27740
"Johnstown, PA Metro Area",14562.0,835.0,1405.0,1229.0,1836.0,1502.0,925.0,462.0,655.0,2939.0,2774.0,27780
"Aberdeen, WA Micro Area",8832.0,369.0,744.0,1271.0,550.0,1196.0,152.0,898.0,489.0,2187.0,976.0,10140
"Abilene, TX Metro Area",23049.0,456.0,2308.0,2964.0,3294.0,1752.0,1848.0,1862.0,2085.0,4148.0,2332.0,10180
"Adrian, MI Micro Area",9196.0,753.0,1161.0,932.0,702.0,866.0,683.0,301.0,1035.0,2148.0,615.0,10300
"Aguadilla-Isabela, PR Metro Area",40810.0,1044.0,1658.0,1726.0,1512.0,1911.0,2027.0,1009.0,1263.0,5357.0,23303.0,10380
"Akron, OH Metro Area",92008.0,3075.0,9222.0,12318.0,12430.0,9584.0,7650.0,5640.0,6460.0,19619.0,6010.0,10420
"Alamogordo, NM Micro Area",7966.0,309.0,701.0,557.0,1768.0,891.0,578.0,196.0,607.0,1430.0,929.0,10460
"Albany, GA Metro Area",26535.0,1135.0,3812.0,2567.0,2943.0,2232.0,1442.0,1389.0,1969.0,5815.0,3231.0,10500
"Albany, OR Metro Area",17603.0,602.0,732.0,1598.0,2621.0,2051.0,2176.0,1849.0,1734.0,3370.0,870.0,10540
"Albany-Schenectady-Troy, NY Metro Area",129566.0,4922.0,13305.0,17353.0,17939.0,15082.0,8688.0,7191.0,11207.0,28694.0,5185.0,10580
"Albertville, AL Micro Area",10478.0,908.0,946.0,1151.0,783.0,1605.0,669.0,541.0,467.0,1526.0,1882.0,10700
"Albuquerque, NM Metro Area",127338.0,4519.0,8851.0,14215.0,15271.0,11997.0,10798.0,8413.0,10142.0,30225.0,12907.0,10740
"Alexandria, LA Metro Area",20332.0,528.0,2302.0,2203.0,1631.0,1797.0,1797.0,1096.0,2820.0,3520.0,2638.0,10780
"Allentown-Bethlehem-Easton, PA-NJ Metro Area",98674.0,3025.0,7795.0,10749.0,12703.0,13280.0,8814.0,6482.0,9019.0,22160.0,4647.0,10900
"Altoona, PA Metro Area",14279.0,1327.0,1191.0,1076.0,1710.0,1326.0,1392.0,747.0,1546.0,2919.0,1045.0,11020
"Amarillo, TX Metro Area",35528.0,919.0,2823.0,4152.0,5298.0,4279.0,3201.0,1300.0,2109.0,8426.0,3021.0,11100
"Ames, IA Metro Area",16706.0,428.0,1805.0,2236.0,1691.0,1205.0,902.0,761.0,1552.0,5215.0,911.0,11180
"Anchorage, AK Metro Area",44722.0,1890.0,3556.0,5279.0,5385.0,6317.0,5172.0,1843.0,3058.0,9455.0,2767.0,11260
"Ann Arbor, MI Metro Area",55839.0,1456.0,5716.0,6066.0,5761.0,6362.0,4799.0,1799.0,4732.0,16143.0,3005.0,11460
"Anniston-Oxford-Jacksonville, AL Metro Area",13228.0,731.0,1279.0,1481.0,1329.0,1190.0,977.0,881.0,936.0,2674.0,1750.0,11500
"Appleton, WI Metro Area",24606.0,918.0,3385.0,4248.0,4513.0,3174.0,1401.0,719.0,1592.0,3414.0,1242.0,11540
"Arecibo, PR Metro Area",19867.0,53.0,603.0,895.0,1422.0,226.0,677.0,466.0,1276.0,2868.0,11381.0,11640
"Asheville, NC Metro Area",60974.0,2318.0,4810.0,6602.0,7140.0,6585.0,7119.0,4495.0,6463.0,9843.0,5599.0,11700
"Ashtabula, OH Micro Area",9046.0,229.0,863.0,1364.0,460.0,511.0,698.0,369.0,491.0,2107.0,1954.0,11780
"Athens, OH Micro Area",9768.0,233.0,239.0,745.0,795.0,1167.0,551.0,296.0,892.0,3858.0,992.0,11900
"Athens, TX Micro Area",7443.0,384.0,695.0,826.0,824.0,631.0,159.0,676.0,1087.0,1529.0,632.0,11980
"Athens-Clarke County, GA Metro Area",34836.0,1171.0,3446.0,4082.0,3547.0,2298.0,2517.0,1275.0,3454.0,9566.0,3480.0,12020
"Atlanta-Sandy Springs-Roswell, GA Metro Area",769417.0,27075.0,59086.0,98167.0,100909.0,80829.0,69469.0,50563.0,76342.0,169937.0,37040.0,12060
"Atlantic City-Hammonton, NJ Metro Area",30122.0,1033.0,1278.0,2499.0,2991.0,3144.0,3137.0,2012.0,3656.0,9349.0,1023.0,12100
"Auburn, NY Micro Area",8969.0,459.0,858.0,1047.0,1439.0,809.0,524.0,202.0,853.0,1897.0,881.0,12180
"Auburn-Opelika, AL Metro Area",22838.0,349.0,2679.0,2216.0,1185.0,2493.0,1814.0,763.0,1812.0,6006.0,3521.0,12220
"Augusta-Richmond County, GA-SC Metro Area",69757.0,2364.0,4189.0,10003.0,6393.0,5953.0,5016.0,3355.0,6313.0,19120.0,7051.0,12260
"Augusta-Waterville, ME Micro Area",15414.0,260.0,1565.0,1352.0,2030.0,2077.0,1180.0,964.0,1529.0,3276.0,1181.0,12300
"Austin-Round Rock, TX Metro Area",329998.0,11691.0,25992.0,44707.0,38044.0,39154.0,31183.0,21578.0,29412.0,73052.0,15185.0,12420
"Bakersfield, CA Metro Area",116315.0,2463.0,7076.0,11464.0,13581.0,12650.0,9365.0,7065.0,12127.0,31586.0,8938.0,12540
"Baltimore-Columbia-Towson, MD Metro Area",350747.0,11192.0,25862.0,43060.0,45271.0,40722.0,29467.0,23092.0,28947.0,83910.0,19224.0,12580
"Bangor, ME Metro Area",21094.0,212.0,2258.0,2011.0,2152.0,3102.0,1374.0,1157.0,2033.0,4739.0,2056.0,12620
"Barnstable Town, MA Metro Area",15683.0,425.0,1092.0,1333.0,1445.0,1791.0,1389.0,1523.0,1659.0,4087.0,939.0,12700
"Baton Rouge, LA Metro Area",94150.0,4642.0,8941.0,6864.0,8293.0,6906.0,7669.0,6433.0,7696.0,24801.0,11905.0,12940
"Battle Creek, MI Metro Area",17093.0,499.0,1077.0,2366.0,2398.0,3234.0,943.0,1651.0,1846.0,2435.0,644.0,12980
"Bellingham, WA Metro Area",33650.0,947.0,1883.0,4616.0,4700.0,2837.0,2141.0,2034.0,3168.0,9339.0,1985.0,13380
"Bend-Redmond, OR Metro Area",27173.0,895.0,2072.0,1670.0,3697.0,2540.0,2427.0,2413.0,2506.0,7161.0,1792.0,13460
"Billings, MT Metro Area",23172.0,821.0,2580.0,3344.0,2687.0,2312.0,1750.0,1049.0,1124.0,5625.0,1880.0,13740
"Binghamton, NY Metro Area",32229.0,1191.0,2754.0,3121.0,3289.0,3164.0,2585.0,1366.0,3814.0,7967.0,2978.0,13780
"Birmingham-Hoover, AL Metro Area",133862.0,5905.0,11128.0,16397.0,16170.0,13272.0,11996.0,6365.0,9359.0,27650.0,15620.0,13820
"Bismarck, ND Metro Area",17440.0,519.0,2958.0,2603.0,2714.0,1905.0,567.0,1721.0,1430.0,1750.0,1273.0,13900
"Blacksburg-Christiansburg-Radford, VA Metro Area",24156.0,466.0,1897.0,3270.0,2321.0,1632.0,1775.0,615.0,1064.0,6200.0,4916.0,13980
"Bay City, MI Metro Area",11046.0,341.0,963.0,1656.0,1667.0,1186.0,547.0,531.0,556.0,2374.0,1225.0,13020
"Beaumont-Port Arthur, TX Metro Area",49611.0,3049.0,4504.0,4085.0,5295.0,4379.0,3310.0,3402.0,5829.0,9098.0,6660.0,13140
"Beaver Dam, WI Micro Area",11084.0,418.0,1369.0,1762.0,1190.0,1032.0,1130.0,416.0,957.0,2189.0,621.0,13180
"Beckley, WV Metro Area",12319.0,657.0,896.0,1257.0,527.0,758.0,525.0,168.0,1392.0,2994.0,3145.0,13220
"Bloomington, IL Metro Area",24916.0,743.0,2953.0,3263.0,2540.0,2460.0,1738.0,1110.0,824.0,5751.0,3534.0,14010
"Bloomington, IN Metro Area",27930.0,797.0,1738.0,3039.0,2659.0,1938.0,1854.0,2250.0,2035.0,9981.0,1639.0,14020
"Bloomsburg-Berwick, PA Metro Area",10160.0,340.0,934.0,1258.0,767.0,1542.0,883.0,630.0,887.0,1264.0,1655.0,14100
"Bluefield, WV-VA Micro Area",12781.0,934.0,748.0,1350.0,1017.0,1181.0,1341.0,352.0,922.0,2434.0,2502.0,14140
"Boise City, ID Metro Area",77507.0,2247.0,6975.0,10450.0,9407.0,9818.0,6190.0,4919.0,7499.0,13987.0,6015.0,14260
"Boston-Cambridge-Newton, MA-NH Metro Area",722050.0,28323.0,49734.0,87568.0,91787.0,85444.0,70963.0,38422.0,60276.0,168230.0,41303.0,14460
"Boulder, CO Metro Area",47943.0,1437.0,2920.0,4664.0,6201.0,5479.0,3180.0,3469.0,3919.0,14726.0,1948.0,14500
"Bowling Green, KY Metro Area",24664.0,918.0,3324.0,3489.0,2808.0,2914.0,1622.0,1435.0,1024.0,5203.0,1927.0,14540
"Bozeman, MT Micro Area",17010.0,663.0,1671.0,2318.0,2010.0,1490.0,1323.0,1198.0,1632.0,3581.0,1124.0,14580
"Brainerd, MN Micro Area",8769.0,230.0,744.0,1309.0,804.0,1082.0,1047.0,833.0,455.0,1414.0,851.0,14660
"Branson, MO Micro Area",8728.0,510.0,470.0,854.0,1477.0,466.0,823.0,997.0,390.0,1851.0,890.0,14700
"Bremerton-Silverdale, WA Metro Area",31694.0,854.0,1868.0,4190.0,3753.0,4056.0,3533.0,2150.0,2795.0,6616.0,1879.0,14740
"Bridgeport-Stamford-Norwalk, CT Metro Area",118537.0,4968.0,7290.0,12117.0,14476.0,11598.0,9921.0,7532.0,10153.0,34898.0,5584.0,14860
"Brownsville-Harlingen, TX Metro Area",41899.0,1933.0,2361.0,2975.0,4317.0,5479.0,4346.0,2532.0,3284.0,9861.0,4811.0,15180
"Brunswick, GA Metro Area",14931.0,819.0,1480.0,966.0,1677.0,1113.0,529.0,1203.0,2389.0,3134.0,1621.0,15260
"Cape Girardeau, MO-IL Metro Area",11688.0,429.0,1453.0,1344.0,1546.0,1146.0,508.0,1014.0,646.0,2772.0,830.0,16020
"Carbondale-Marion, IL Metro Area",22200.0,897.0,1601.0,2107.0,2978.0,1465.0,1442.0,1464.0,2175.0,6033.0,2038.0,16060
"Carson City, NV Metro Area",9744.0,347.0,654.0,1422.0,2090.0,1047.0,449.0,1162.0,605.0,1865.0,103.0,16180
"Casper, WY Metro Area",9410.0,484.0,474.0,1271.0,1760.0,1093.0,780.0,893.0,1004.0,848.0,803.0,16220
"Cedar Rapids, IA Metro Area",26385.0,925.0,2683.0,4630.0,2912.0,2991.0,2442.0,1559.0,1976.0,4891.0,1376.0,16300
"Centralia, WA Micro Area",8772.0,341.0,403.0,1621.0,1629.0,614.0,789.0,409.0,813.0,1472.0,681.0,16500
"Chambersburg-Waynesboro, PA Metro Area",16832.0,705.0,1220.0,2505.0,2443.0,1526.0,1389.0,1213.0,963.0,3472.0,1396.0,16540
"Waco, TX Metro Area",40753.0,795.0,3009.0,4231.0,4253.0,3809.0,3545.0,2601.0,3359.0,9373.0,5778.0,47380
"Walla Walla, WA Metro Area",9409.0,406.0,700.0,1075.0,1151.0,884.0,722.0,604.0,762.0,2636.0,469.0,47460
"Warner Robins, GA Metro Area",26258.0,2499.0,1717.0,4009.0,2326.0,4990.0,2200.0,872.0,1986.0,4134.0,1525.0,47580
"Warsaw, IN Micro Area",8130.0,503.0,508.0,1644.0,1837.0,821.0,910.0,306.0,225.0,643.0,733.0,47700
"Wichita Falls, TX Metro Area",19483.0,1008.0,2011.0,2465.0,2208.0,1372.0,1363.0,1746.0,1230.0,4267.0,1813.0,48660
"Williamsport, PA Metro Area",13722.0,368.0,1497.0,2288.0,1410.0,1507.0,1163.0,604.0,1121.0,2772.0,992.0,48700
"Wilmington, NC Metro Area",47436.0,1167.0,2898.0,3531.0,6308.0,5354.0,3582.0,3001.0,4102.0,14935.0,2558.0,48900
"Wilson, NC Micro Area",12677.0,176.0,816.0,1690.0,1070.0,2228.0,390.0,1032.0,442.0,3229.0,1604.0,48980
"Watertown-Fort Atkinson, WI Micro Area",8854.0,293.0,1490.0,1536.0,1265.0,599.0,931.0,277.0,867.0,1213.0,383.0,48020
"Watertown-Fort Drum, NY Metro Area",20244.0,365.0,1450.0,2429.0,3099.0,3681.0,2078.0,910.0,1585.0,3224.0,1423.0,48060
"Wausau, WI Metro Area",15745.0,796.0,2350.0,3134.0,2190.0,1427.0,1398.0,1091.0,872.0,1536.0,951.0,48140
"Weirton-Steubenville, WV-OH Metro Area",14531.0,1329.0,1217.0,1610.0,1321.0,930.0,749.0,348.0,927.0,3659.0,2441.0,48260
"Wenatchee, WA Metro Area",16817.0,914.0,1566.0,1830.0,2537.0,2014.0,1045.0,691.0,705.0,3188.0,2327.0,48300
"Wheeling, WV-OH Metro Area",13270.0,693.0,1598.0,1682.0,1924.0,716.0,712.0,441.0,1451.0,1641.0,2412.0,48540
"Whitewater-Elkhorn, WI Micro Area",13585.0,663.0,2024.0,1922.0,1977.0,835.0,1340.0,757.0,1084.0,2423.0,560.0,48580
"Wichita, KS Metro Area",83628.0,3561.0,7778.0,12783.0,9798.0,9262.0,6627.0,6126.0,6407.0,17129.0,4157.0,48620
"Winchester, VA-WV Metro Area",16538.0,898.0,970.0,2685.0,1326.0,1939.0,1640.0,1884.0,1548.0,1915.0,1733.0,49020
"Winston-Salem, NC Metro Area",96578.0,4446.0,9200.0,11207.0,11187.0,10795.0,9270.0,5737.0,6420.0,20644.0,7672.0,49180
"Wisconsin Rapids-Marshfield, WI Micro Area",9560.0,555.0,1268.0,1251.0,1830.0,1683.0,501.0,248.0,675.0,1184.0,365.0,49220
"Wooster, OH Micro Area",11847.0,1032.0,1606.0,2281.0,1305.0,1294.0,703.0,359.0,566.0,1886.0,815.0,49300
"Worcester, MA-CT Metro Area",119144.0,3095.0,11084.0,13149.0,14432.0,14229.0,12861.0,7123.0,8688.0,26262.0,8221.0,49340
"Yakima, WA Metro Area",30382.0,1718.0,1943.0,4188.0,3299.0,4604.0,2320.0,1585.0,1944.0,6474.0,2307.0,49420
"York-Hanover, PA Metro Area",43236.0,1549.0,3733.0,6667.0,4624.0,4072.0,4109.0,1824.0,4063.0,10478.0,2117.0,49620
"Youngstown-Warren-Boardman, OH-PA Metro Area",68788.0,3150.0,8140.0,7292.0,7265.0,6637.0,4992.0,4358.0,6011.0,15422.0,5521.0,49660
"Yuba City, CA Metro Area",23342.0,848.0,1740.0,2682.0,3151.0,3253.0,2020.0,1099.0,1970.0,5210.0,1369.0,49700
"Yuma, AZ Metro Area",25582.0,1087.0,2036.0,2806.0,3429.0,2947.0,2497.0,3125.0,1101.0,4805.0,1749.0,49740
"Zanesville, OH Micro Area",9854.0,748.0,820.0,1041.0,473.0,1410.0,717.0,451.0,852.0,2443.0,899.0,49780
"Champaign-Urbana, IL Metro Area",41411.0,1607.0,2288.0,3283.0,5593.0,4659.0,3398.0,1149.0,3709.0,11279.0,4446.0,16580
"Charleston, WV Metro Area",27413.0,1371.0,1647.0,1720.0,1738.0,2375.0,2758.0,2037.0,2096.0,6690.0,4981.0,16620
"Charleston-North Charleston, SC Metro Area",96956.0,4045.0,5547.0,11069.0,12383.0,11065.0,7461.0,6066.0,8832.0,23626.0,6862.0,16700
"Charlotte-Concord-Gastonia, NC-SC Metro Area",329130.0,12696.0,30930.0,42698.0,42332.0,37127.0,26641.0,21113.0,29862.0,64697.0,21034.0,16740
"Charlottesville, VA Metro Area",33003.0,732.0,3422.0,5584.0,2463.0,2070.0,1989.0,1879.0,3254.0,7900.0,3710.0,16820
"Chattanooga, TN-GA Metro Area",70248.0,3068.0,8530.0,8953.0,7936.0,7660.0,6018.0,4511.0,4481.0,13122.0,5969.0,16860
"Cheyenne, WY Metro Area",11186.0,279.0,1182.0,1447.0,1818.0,649.0,875.0,525.0,1734.0,2100.0,577.0,16940
"Chicago-Naperville-Elgin, IL-IN-WI Metro Area",1246171.0,46881.0,110151.0,157226.0,159323.0,139144.0,97016.0,75190.0,105346.0,281978.0,73916.0,16980
"Buffalo-Cheektowaga-Niagara Falls, NY Metro Area",166746.0,9324.0,17122.0,20686.0,18206.0,15811.0,11141.0,10513.0,11391.0,42154.0,10398.0,15380
"Burlington, NC Metro Area",21578.0,727.0,2022.0,2848.0,2593.0,2772.0,1691.0,2302.0,1543.0,3520.0,1560.0,15500
"Burlington-South Burlington, VT Metro Area",29246.0,1284.0,764.0,4855.0,3136.0,3997.0,2237.0,1937.0,2140.0,7412.0,1484.0,15540
"California-Lexington Park, MD Metro Area",11935.0,588.0,1887.0,1885.0,1481.0,1450.0,671.0,999.0,504.0,2127.0,343.0,15680
"Canton-Massillon, OH Metro Area",51879.0,2646.0,5359.0,8083.0,5757.0,6028.0,4564.0,3048.0,4180.0,8965.0,3249.0,15940
"Cape Coral-Fort Myers, FL Metro Area",76370.0,2248.0,4160.0,8250.0,8902.0,8268.0,6729.0,5214.0,7382.0,20289.0,4928.0,15980
"Chico, CA Metro Area",36695.0,1228.0,2445.0,3393.0,4376.0,3384.0,2720.0,2174.0,3675.0,10754.0,2546.0,17020
"Chillicothe, OH Micro Area",10065.0,431.0,316.0,1846.0,769.0,956.0,736.0,422.0,309.0,3142.0,1138.0,17060
"Cincinnati, OH-KY-IN Metro Area",298002.0,12105.0,29240.0,40456.0,39433.0,31274.0,21542.0,18678.0,23316.0,64583.0,17375.0,17140
"Claremont-Lebanon, NH-VT Micro Area",23895.0,1019.0,1405.0,2982.0,3444.0,2263.0,2098.0,1413.0,1956.0,5114.0,2201.0,17200
"Clarksburg, WV Micro Area",10142.0,649.0,1534.0,556.0,1017.0,415.0,806.0,677.0,779.0,1943.0,1766.0,17220
"Clarksville, TN-KY Metro Area",44635.0,1270.0,3935.0,4162.0,6820.0,4681.0,4945.0,2369.0,5006.0,8434.0,3013.0,17300
"Clearlake, CA Micro Area",9361.0,434.0,203.0,586.0,929.0,1443.0,916.0,595.0,717.0,2566.0,972.0,17340
"Cleveland, TN Metro Area",15235.0,865.0,877.0,2182.0,1930.0,1410.0,1136.0,791.0,1429.0,2257.0,2358.0,17420
"Cleveland-Elyria, OH Metro Area",308240.0,12516.0,27873.0,38684.0,34385.0,37037.0,24782.0,15623.0,23762.0,69543.0,24035.0,17460
"Coeur d'Alene, ID Metro Area",18241.0,310.0,1256.0,1820.0,2544.0,1541.0,1791.0,2330.0,1631.0,4302.0,716.0,17660
"College Station-Bryan, TX Metro Area",47545.0,1309.0,3344.0,5450.0,4809.0,5364.0,2364.0,3391.0,4129.0,14204.0,3181.0,17780
"Colorado Springs, CO Metro Area",91756.0,2879.0,5784.0,11660.0,10997.0,9281.0,8687.0,7664.0,8649.0,21184.0,4971.0,17820
"Columbia, MO Metro Area",33107.0,678.0,3354.0,4351.0,5181.0,2688.0,2597.0,1651.0,2666.0,8722.0,1219.0,17860
"Columbia, SC Metro Area",103613.0,3395.0,8058.0,13034.0,9090.0,13937.0,7414.0,6524.0,8348.0,26264.0,7549.0,17900
"Columbus, GA-AL Metro Area",50782.0,2384.0,4358.0,6305.0,6107.0,4733.0,3836.0,2805.0,3735.0,12147.0,4372.0,17980
"Columbus, IN Metro Area",9277.0,483.0,1175.0,2224.0,1374.0,1264.0,284.0,74.0,385.0,1580.0,434.0,18020
"Columbus, OH Metro Area",305707.0,10415.0,33954.0,44746.0,42384.0,33637.0,24314.0,15175.0,25091.0,59242.0,16749.0,18140
"Concord, NH Micro Area",14219.0,377.0,1359.0,1382.0,2460.0,1725.0,1283.0,1089.0,1334.0,2494.0,716.0,18180
"Cookeville, TN Micro Area",16050.0,615.0,1727.0,2397.0,1494.0,1109.0,654.0,1305.0,1317.0,3255.0,2177.0,18260
"Coos Bay, OR Micro Area",9849.0,445.0,943.0,1808.0,730.0,1306.0,1270.0,510.0,1032.0,1095.0,710.0,18300
"Corning, NY Micro Area",10854.0,625.0,1396.0,1719.0,1057.0,1505.0,769.0,660.0,738.0,1576.0,809.0,18500
"Corpus Christi, TX Metro Area",61902.0,1844.0,5914.0,7492.0,5851.0,8794.0,5801.0,4369.0,4909.0,13079.0,3849.0,18580
"Corvallis, OR Metro Area",14620.0,336.0,854.0,2072.0,1570.0,1137.0,940.0,685.0,826.0,5402.0,798.0,18700
"Crestview-Fort Walton Beach-Destin, FL Metro Area",34862.0,1198.0,1792.0,4105.0,4411.0,3310.0,3626.0,2465.0,3244.0,7219.0,3492.0,18880
"Cullman, AL Micro Area",7563.0,249.0,858.0,1131.0,428.0,698.0,756.0,81.0,1006.0,1132.0,1224.0,18980
"Cumberland, MD-WV Metro Area",10560.0,365.0,696.0,1595.0,593.0,764.0,827.0,1146.0,1315.0,1774.0,1485.0,19060
"Dallas-Fort Worth-Arlington, TX Metro Area",1071873.0,34327.0,89723.0,148880.0,144133.0,122175.0,96228.0,70387.0,99944.0,215490.0,50586.0,19100
"Dalton, GA Metro Area",17348.0,618.0,2490.0,2250.0,1809.0,1784.0,1769.0,746.0,1706.0,2582.0,1594.0,19140
"Danville, IL Metro Area",9518.0,333.0,1034.0,998.0,859.0,1165.0,795.0,435.0,684.0,2060.0,1155.0,19180
"Danville, VA Micro Area",14232.0,419.0,938.0,1586.0,2724.0,1291.0,1161.0,758.0,1397.0,2600.0,1358.0,19260
"Daphne-Fairhope-Foley, AL Metro Area",20491.0,899.0,1201.0,2276.0,1667.0,1814.0,2206.0,1392.0,2071.0,4134.0,2831.0,19300
"Davenport-Moline-Rock Island, IA-IL Metro Area",45674.0,2280.0,4188.0,7058.0,5507.0,5135.0,2840.0,2681.0,3799.0,8929.0,3257.0,19340
"Dayton, OH Metro Area",126278.0,6217.0,14174.0,16852.0,15232.0,15442.0,10042.0,6011.0,7778.0,27599.0,6931.0,19380
"Decatur, AL Metro Area",16484.0,535.0,2032.0,1670.0,1589.0,1280.0,1711.0,326.0,1592.0,3087.0,2662.0,19460
"Decatur, IL Metro Area",14604.0,759.0,1016.0,1606.0,1338.0,2020.0,1126.0,973.0,856.0,3966.0,944.0,19500
"Deltona-Daytona Beach-Ormond Beach, FL Metro Area",71985.0,2119.0,4476.0,7545.0,7386.0,8089.0,5514.0,4496.0,7640.0,18826.0,5894.0,19660
"Denver-Aurora-Lakewood, CO Metro Area",417459.0,11857.0,26280.0,54155.0,53478.0,50193.0,39685.0,28451.0,41503.0,97955.0,13902.0,19740
"Des Moines-West Des Moines, IA Metro Area",77495.0,3676.0,9285.0,11279.0,11153.0,8022.0,5409.0,3862.0,5533.0,15090.0,4186.0,19780
"Detroit-Warren-Dearborn, MI Metro Area",528058.0,19614.0,48358.0,65567.0,63030.0,55097.0,41847.0,29638.0,45043.0,121945.0,37919.0,19820
"Dothan, AL Metro Area",16923.0,827.0,1737.0,1855.0,1925.0,1753.0,1086.0,984.0,814.0,3530.0,2412.0,20020
"Dover, DE Metro Area",21718.0,660.0,2014.0,2030.0,1651.0,2126.0,3313.0,1154.0,2005.0,5621.0,1144.0,20100
"DuBois, PA Micro Area",7473.0,429.0,593.0,864.0,752.0,498.0,614.0,389.0,578.0,1762.0,994.0,20180
"Dubuque, IA Metro Area",10620.0,818.0,1472.0,726.0,1711.0,972.0,749.0,306.0,694.0,2410.0,762.0,20220
"Duluth, MN-WI Metro Area",34689.0,1025.0,3188.0,4442.0,3854.0,4045.0,3592.0,2230.0,2086.0,7047.0,3180.0,20260
"Dunn, NC Micro Area",16056.0,604.0,1354.0,1837.0,2204.0,1906.0,1461.0,712.0,1755.0,3112.0,1111.0,20380
"Durham-Chapel Hill, NC Metro Area",85856.0,2940.0,6115.0,8997.0,10853.0,9778.0,8970.0,5411.0,6124.0,21270.0,5398.0,20500
"East Stroudsburg, PA Metro Area",12394.0,96.0,602.0,1569.0,1070.0,1658.0,1212.0,516.0,1607.0,3244.0,820.0,20700
"Eau Claire, WI Metro Area",21539.0,661.0,2840.0,2774.0,2682.0,2493.0,2332.0,1092.0,1462.0,3611.0,1592.0,20740
"El Centro, CA Metro Area",14294.0,586.0,1239.0,911.0,812.0,1552.0,1309.0,1716.0,1211.0,3580.0,1378.0,20940
"Elmira, NY Metro Area",11498.0,607.0,1002.0,1468.0,976.0,1001.0,1482.0,1057.0,803.0,2751.0,351.0,21300
"El Paso, TX Metro Area",105469.0,3593.0,8346.0,10358.0,14133.0,12386.0,9383.0,6501.0,9495.0,23154.0,8120.0,21340
"Enid, OK Metro Area",8292.0,733.0,793.0,1138.0,848.0,951.0,629.0,344.0,570.0,1270.0,1016.0,21420
"Erie, PA Metro Area",37828.0,1374.0,2299.0,4619.0,4441.0,4164.0,3406.0,2530.0,2576.0,9880.0,2539.0,21500
"Eugene, OR Metro Area",63589.0,1408.0,2830.0,8153.0,8876.0,6572.0,4908.0,4157.0,6370.0,17134.0,3181.0,21660
"Eureka-Arcata-Fortuna, CA Micro Area",26015.0,1774.0,1715.0,1442.0,2112.0,1971.0,2867.0,1100.0,2661.0,9095.0,1278.0,21700
"Evansville, IN-KY Metro Area",41340.0,3184.0,4416.0,5330.0,4967.0,3146.0,2374.0,2823.0,3504.0,9211.0,2385.0,21780
"Fairbanks, AK Metro Area",14768.0,660.0,1453.0,2035.0,2330.0,1715.0,1340.0,897.0,1349.0,2500.0,489.0,21820
"Elizabeth City, NC Micro Area",8302.0,195.0,558.0,1090.0,1169.0,1505.0,558.0,642.0,827.0,945.0,813.0,21020
"Elizabethtown-Fort Knox, KY Metro Area",19371.0,823.0,2323.0,3590.0,2683.0,1558.0,1020.0,968.0,1502.0,2365.0,2539.0,21060
"Elkhart-Goshen, IN Metro Area",21444.0,892.0,2858.0,2077.0,3141.0,2976.0,1332.0,949.0,1759.0,3747.0,1713.0,21140
"Fargo, ND-MN Metro Area",42098.0,1625.0,4272.0,6078.0,6492.0,3293.0,4475.0,1885.0,3918.0,8962.0,1098.0,22020
"Faribault-Northfield, MN Micro Area",5431.0,148.0,284.0,665.0,592.0,735.0,391.0,393.0,381.0,1261.0,581.0,22060
"Farmington, MO Micro Area",8928.0,652.0,1330.0,1670.0,915.0,981.0,633.0,582.0,519.0,1527.0,119.0,22100
"Farmington, NM Metro Area",12405.0,296.0,1000.0,2206.0,1056.0,1078.0,1217.0,604.0,735.0,2102.0,2111.0,22140
"Fayetteville, NC Metro Area",68578.0,1324.0,5915.0,7304.0,7728.0,7742.0,5587.0,4332.0,6676.0,17238.0,4732.0,22180
"Fayetteville-Springdale-Rogers, AR-MO Metro Area",78973.0,2532.0,9763.0,10905.0,10935.0,8647.0,7004.0,3973.0,5174.0,14709.0,5331.0,22220
"Findlay, OH Micro Area",9509.0,574.0,683.0,1660.0,1680.0,1075.0,740.0,561.0,355.0,1358.0,823.0,22300
"Flagstaff, AZ Metro Area",17576.0,1156.0,798.0,1857.0,1120.0,2187.0,1664.0,768.0,1795.0,4504.0,1727.0,22380
"Flint, MI Metro Area",54063.0,2514.0,5145.0,4187.0,6209.0,4954.0,4598.0,4143.0,4837.0,12031.0,5445.0,22420
"Florence, SC Metro Area",25128.0,1151.0,2065.0,3288.0,2149.0,1540.0,1578.0,678.0,1600.0,5412.0,5667.0,22500
"Florence-Muscle Shoals, AL Metro Area",19347.0,802.0,1812.0,3186.0,1717.0,2910.0,1554.0,680.0,1334.0,2826.0,2526.0,22520
"Fond du Lac, WI Metro Area",12509.0,494.0,1831.0,1948.0,1409.0,959.0,1085.0,633.0,663.0,2616.0,871.0,22540
"Forest City, NC Micro Area",8436.0,643.0,1295.0,904.0,488.0,119.0,516.0,541.0,312.0,2988.0,630.0,22580
"Fort Collins, CO Metro Area",51584.0,1088.0,2472.0,6239.0,7304.0,6951.0,3133.0,3704.0,5834.0,12216.0,2643.0,22660
"Fort Payne, AL Micro Area",7291.0,277.0,800.0,491.0,774.0,578.0,184.0,253.0,67.0,2086.0,1781.0,22840
"Fort Smith, AR-OK Metro Area",36172.0,2040.0,3634.0,5555.0,3202.0,4357.0,1903.0,2931.0,2983.0,6186.0,3381.0,22900
"Frankfort, KY Micro Area",10306.0,302.0,1277.0,1859.0,1011.0,1563.0,682.0,869.0,414.0,1716.0,613.0,23180
"Fresno, CA Metro Area",151080.0,6411.0,8591.0,15337.0,16318.0,15733.0,12131.0,11000.0,15181.0,39630.0,10748.0,23420
"Gadsden, AL Metro Area",11242.0,872.0,751.0,1471.0,1014.0,1168.0,997.0,1294.0,1037.0,1310.0,1328.0,23460
"Gainesville, FL Metro Area",40416.0,744.0,2741.0,3342.0,4693.0,3752.0,2731.0,2695.0,2997.0,12494.0,4227.0,23540
"Gainesville, GA Metro Area",19498.0,716.0,1761.0,2790.0,2024.0,1437.0,1828.0,2326.0,1697.0,3421.0,1498.0,23580
"Gallup, NM Micro Area",5953.0,674.0,341.0,667.0,705.0,1277.0,248.0,80.0,64.0,727.0,1170.0,23700
"Gettysburg, PA Metro Area",9913.0,332.0,714.0,922.0,1212.0,1215.0,588.0,621.0,1084.0,1696.0,1529.0,23900
"Fort Wayne, IN Metro Area",48183.0,1906.0,4772.0,7257.0,6857.0,4188.0,3525.0,2942.0,4680.0,9602.0,2454.0,23060
"Glens Falls, NY Metro Area",16164.0,98.0,1324.0,1656.0,2230.0,2605.0,1765.0,1008.0,1263.0,3372.0,843.0,24020
"Glenwood Springs, CO Micro Area",8417.0,371.0,639.0,1710.0,820.0,1105.0,820.0,195.0,1054.0,1240.0,463.0,24060
"Goldsboro, NC Metro Area",18840.0,890.0,1961.0,2454.0,1462.0,657.0,1702.0,2083.0,1974.0,3363.0,2294.0,24140
"Grand Forks, ND-MN Metro Area",19254.0,568.0,1848.0,2617.0,1935.0,2068.0,1300.0,1216.0,1780.0,4457.0,1465.0,24220
"Grand Island, NE Metro Area",10867.0,808.0,1073.0,1110.0,1475.0,1533.0,605.0,418.0,905.0,1608.0,1332.0,24260
"Grand Junction, CO Metro Area",19471.0,1107.0,1446.0,2607.0,1958.0,2026.0,1576.0,1388.0,1442.0,5225.0,696.0,24300
"Grand Rapids-Wyoming, MI Metro Area",103088.0,3829.0,9097.0,14405.0,13713.0,11169.0,10148.0,6826.0,8316.0,20351.0,5234.0,24340
"Grants Pass, OR Metro Area",10729.0,927.0,707.0,769.0,389.0,850.0,688.0,1630.0,846.0,2924.0,999.0,24420
"Great Falls, MT Metro Area",14375.0,475.0,1459.0,2043.0,2265.0,1227.0,982.0,1433.0,1264.0,2367.0,860.0,24500
"Greeley, CO Metro Area",28301.0,1811.0,2352.0,3221.0,3658.0,3109.0,2400.0,1826.0,2411.0,5705.0,1808.0,24540
"Green Bay, WI Metro Area",39069.0,1405.0,5767.0,7178.0,4470.0,4021.0,3382.0,2191.0,2975.0,5697.0,1983.0,24580
"Greeneville, TN Micro Area",6345.0,380.0,1421.0,446.0,996.0,810.0,406.0,207.0,53.0,803.0,823.0,24620
"Greenfield Town, MA Micro Area",8822.0,89.0,1140.0,861.0,1006.0,1160.0,1042.0,756.0,589.0,1973.0,206.0,24640
"Greensboro-High Point, NC Metro Area",114513.0,3550.0,12602.0,13059.0,12928.0,11963.0,9398.0,7448.0,10069.0,24939.0,8557.0,24660
"Greenville, NC Metro Area",32296.0,766.0,2287.0,4015.0,3983.0,2281.0,2714.0,2030.0,1315.0,10603.0,2302.0,24780
"Greenville-Anderson-Mauldin, SC Metro Area",107824.0,4364.0,10051.0,15881.0,12800.0,10743.0,9688.0,3895.0,8676.0,21981.0,9745.0,24860
"Greenwood, SC Micro Area",13179.0,548.0,1180.0,1009.0,1473.0,964.0,1306.0,1082.0,1150.0,2702.0,1765.0,24940
"Gulfport-Biloxi-Pascagoula, MS Metro Area",59375.0,2296.0,4031.0,6138.0,6344.0,5954.0,3305.0,4676.0,5142.0,14640.0,6849.0,25060
"Hagerstown-Martinsburg, MD-WV Metro Area",32332.0,1201.0,3193.0,4361.0,3872.0,4941.0,2348.0,2196.0,2110.0,5361.0,2749.0,25180
"Hammond, LA Metro Area",13168.0,299.0,976.0,1031.0,1888.0,1096.0,829.0,561.0,1812.0,3379.0,1297.0,25220
"Hanford-Corcoran, CA Metro Area",20170.0,513.0,2862.0,2378.0,3261.0,1978.0,2384.0,957.0,1525.0,2691.0,1621.0,25260
"Harrisburg-Carlisle, PA Metro Area",79048.0,4466.0,8830.0,11586.0,10491.0,8716.0,6632.0,3359.0,6273.0,14873.0,3822.0,25420
"Harrisonburg, VA Metro Area",17830.0,775.0,1191.0,2824.0,1365.0,2287.0,969.0,1135.0,1169.0,5191.0,924.0,25500
"Hartford-West Hartford-East Hartford, CT Metro Area",154372.0,7222.0,11851.0,17211.0,19316.0,16433.0,11491.0,8982.0,15862.0,37301.0,8703.0,25540
"Hattiesburg, MS Metro Area",20388.0,346.0,1487.0,1443.0,3068.0,2658.0,991.0,920.0,1421.0,5210.0,2844.0,25620
"Helena, MT Micro Area",8068.0,225.0,1262.0,1366.0,1066.0,899.0,461.0,181.0,342.0,1904.0,362.0,25740
"Hermiston-Pendleton, OR Micro Area",12172.0,628.0,1978.0,1992.0,897.0,1284.0,850.0,883.0,660.0,2052.0,948.0,25840
"Hickory-Lenoir-Morganton, NC Metro Area",39904.0,2334.0,4801.0,5931.0,4400.0,3724.0,2660.0,2077.0,3959.0,6480.0,3538.0,25860
"Hilo, HI Micro Area",24169.0,2344.0,2354.0,1963.0,2690.0,1545.0,1223.0,1139.0,1342.0,6645.0,2924.0,25900
"Hilton Head Island-Bluffton-Beaufort, SC Metro Area",22113.0,309.0,1762.0,2668.0,2268.0,1883.0,1618.0,1722.0,2682.0,5052.0,2149.0,25940
"Hinesville, GA Metro Area",15881.0,175.0,1196.0,2049.0,2798.0,1230.0,2401.0,461.0,1022.0,3585.0,964.0,25980
"Guayama, PR Metro Area",7461.0,422.0,219.0,242.0,1110.0,817.0,620.0,0.0,654.0,1313.0,2064.0,25020
"Iowa City, IA Metro Area",27834.0,1078.0,2848.0,3272.0,3214.0,2674.0,2001.0,1468.0,1167.0,8532.0,1580.0,26980
"Hobbs, NM Micro Area",8246.0,688.0,1088.0,782.0,1456.0,582.0,622.0,358.0,243.0,1388.0,1039.0,26020
"Holland, MI Micro Area",7509.0,104.0,693.0,1187.0,1475.0,769.0,434.0,217.0,867.0,740.0,1023.0,26090
"Homosassa Springs, FL Metro Area",10665.0,349.0,525.0,525.0,1532.0,936.0,572.0,708.0,1004.0,3464.0,1050.0,26140
"Hot Springs, AR Metro Area",13592.0,675.0,883.0,1472.0,1890.0,2017.0,1581.0,593.0,278.0,2784.0,1419.0,26300
"Houma-Thibodaux, LA Metro Area",18511.0,886.0,2619.0,2084.0,1994.0,1594.0,1649.0,1493.0,808.0,2665.0,2719.0,26380
"Meadville, PA Micro Area",8543.0,727.0,528.0,1010.0,1346.0,762.0,377.0,472.0,620.0,1226.0,1475.0,32740
"Medford, OR Metro Area",30479.0,1045.0,2361.0,3428.0,3981.0,3639.0,2476.0,1923.0,1917.0,7734.0,1975.0,32780
"Memphis, TN-MS-AR Metro Area",199296.0,6458.0,13384.0,21727.0,18195.0,20263.0,18940.0,13670.0,19840.0,50639.0,16180.0,32820
"Merced, CA Metro Area",37311.0,1667.0,3720.0,3983.0,4562.0,3750.0,3556.0,1777.0,3448.0,8131.0,2717.0,32900
"Meridian, MS Micro Area",12935.0,261.0,921.0,1266.0,1210.0,1368.0,1432.0,559.0,387.0,4112.0,1419.0,32940
"Marion, OH Micro Area",8585.0,477.0,528.0,586.0,1100.0,838.0,755.0,626.0,565.0,1808.0,1302.0,32020
"Marquette, MI Micro Area",8220.0,234.0,559.0,1240.0,569.0,603.0,472.0,552.0,660.0,2330.0,1001.0,32100
"Marshall, TX Micro Area",6927.0,111.0,841.0,1462.0,1006.0,495.0,1036.0,0.0,303.0,555.0,1118.0,32220
"Martinsville, VA Micro Area",9082.0,539.0,530.0,891.0,1074.0,557.0,899.0,779.0,464.0,2201.0,1148.0,32300
"Mayagüez, PR Metro Area",15246.0,84.0,763.0,749.0,494.0,507.0,344.0,288.0,943.0,3201.0,7873.0,32420
"McAllen-Edinburg-Mission, TX Metro Area",74502.0,2320.0,7094.0,6433.0,6511.0,7877.0,5219.0,5356.0,6746.0,17760.0,9186.0,32580
"Miami-Fort Lauderdale-West Palm Beach, FL Metro Area",859668.0,16947.0,38548.0,70719.0,88231.0,90401.0,81628.0,62213.0,92542.0,276067.0,42372.0,33100
"Michigan City-La Porte, IN Metro Area",11691.0,409.0,807.0,1704.0,1812.0,342.0,1064.0,458.0,1551.0,2902.0,642.0,33140
"Midland, MI Metro Area",9071.0,170.0,804.0,1997.0,658.0,1341.0,858.0,660.0,587.0,1443.0,553.0,33220
"Midland, TX Metro Area",20047.0,562.0,2534.0,3096.0,2472.0,1511.0,2420.0,1091.0,983.0,3121.0,2257.0,33260
"Milwaukee-Waukesha-West Allis, WI Metro Area",251335.0,8973.0,23626.0,31943.0,30735.0,26506.0,19416.0,14512.0,22178.0,60835.0,12611.0,33340
"Minneapolis-St. Paul-Bloomington, MN-WI Metro Area",415957.0,17539.0,34935.0,56480.0,56164.0,49787.0,34005.0,29218.0,35184.0,85523.0,17122.0,33460
"Minot, ND Micro Area",12820.0,490.0,804.0,2150.0,1449.0,1583.0,1377.0,821.0,275.0,2608.0,1263.0,33500
"Missoula, MT Metro Area",21532.0,1681.0,1050.0,2042.0,3568.0,2238.0,2381.0,1321.0,1005.0,5169.0,1077.0,33540
"Mobile, AL Metro Area",63441.0,2047.0,6604.0,6429.0,6026.0,5963.0,4124.0,3779.0,5282.0,15406.0,7781.0,33660
"Modesto, CA Metro Area",71480.0,2035.0,5166.0,8256.0,7830.0,8755.0,5830.0,4438.0,5990.0,19009.0,4171.0,33700
"Monroe, LA Metro Area",24781.0,1289.0,1643.0,2437.0,3015.0,2552.0,1514.0,1503.0,3074.0,4886.0,2868.0,33740
"Monroe, MI Metro Area",12169.0,574.0,1180.0,1144.0,1093.0,1164.0,1380.0,1011.0,1245.0,2696.0,682.0,33780
"Montgomery, AL Metro Area",51071.0,1919.0,4870.0,5934.0,4708.0,4397.0,4032.0,2322.0,4363.0,12839.0,5687.0,33860
"Morehead City, NC Micro Area",7282.0,96.0,926.0,1180.0,1219.0,518.0,474.0,489.0,416.0,1285.0,679.0,33980
"Morgantown, WV Metro Area",20021.0,538.0,2042.0,1907.0,2523.0,2212.0,1059.0,708.0,663.0,6186.0,2183.0,34060
"Morristown, TN Metro Area",12530.0,486.0,1428.0,2136.0,1689.0,1018.0,413.0,634.0,1136.0,2710.0,880.0,34100
"Moses Lake, WA Micro Area",11832.0,338.0,1383.0,2400.0,1684.0,899.0,935.0,541.0,653.0,1826.0,1173.0,34180
"Mount Airy, NC Micro Area",8058.0,759.0,816.0,1360.0,464.0,1179.0,503.0,323.0,240.0,1278.0,1136.0,34340
"Mount Pleasant, MI Micro Area",9407.0,165.0,599.0,1279.0,912.0,1087.0,852.0,480.0,591.0,2846.0,596.0,34380
"Mount Vernon-Anacortes, WA Metro Area",14986.0,375.0,1383.0,1914.0,2029.0,1634.0,1916.0,712.0,1337.0,2596.0,1090.0,34580
"Muncie, IN Metro Area",15923.0,583.0,1017.0,824.0,2220.0,1493.0,649.0,1106.0,1967.0,4128.0,1936.0,34620
"Muskegon, MI Metro Area",16712.0,297.0,873.0,2262.0,1870.0,1260.0,1698.0,925.0,2089.0,3597.0,1841.0,34740
"Muskogee, OK Micro Area",8888.0,383.0,801.0,1057.0,723.0,1204.0,504.0,544.0,749.0,1667.0,1256.0,34780
"Myrtle Beach-Conway-North Myrtle Beach, SC-NC Metro Area",43783.0,954.0,3469.0,5680.0,5637.0,4032.0,3333.0,2849.0,4051.0,10504.0,3274.0,34820
"Nacogdoches, TX Micro Area",9008.0,304.0,582.0,1279.0,1159.0,1131.0,572.0,603.0,723.0,2148.0,507.0,34860
"Napa, CA Metro Area",17262.0,240.0,1250.0,1126.0,1831.0,2301.0,1194.0,1245.0,2204.0,5223.0,648.0,34900
"Naples-Immokalee-Marco Island, FL Metro Area",37736.0,1297.0,2015.0,3709.0,3934.0,3956.0,2966.0,2814.0,4930.0,10318.0,1797.0,34940
"Nashville-Davidson--Murfreesboro--Franklin, TN Metro Area",251551.0,8536.0,19426.0,32501.0,31979.0,31796.0,24710.0,16886.0,21523.0,47436.0,16758.0,34980
"New Bern, NC Metro Area",17794.0,341.0,1762.0,2040.0,1883.0,2119.0,1583.0,1291.0,1318.0,3136.0,2321.0,35100
"New Castle, PA Micro Area",10722.0,406.0,607.0,1796.0,930.0,698.0,872.0,812.0,461.0,2665.0,1475.0,35260
"New Haven-Milford, CT Metro Area",131069.0,5270.0,8928.0,13757.0,15164.0,14240.0,10072.0,7955.0,13423.0,34562.0,7698.0,35300
"New Orleans-Metairie, LA Metro Area",182013.0,4876.0,10704.0,17805.0,15656.0,16756.0,15628.0,11887.0,18542.0,53032.0,17127.0,35380
"New Philadelphia-Dover, OH Micro Area",11568.0,313.0,728.0,1845.0,1617.0,853.0,1250.0,1087.0,959.0,2194.0,722.0,35420
"New York-Newark-Jersey City, NY-NJ-PA Metro Area",3513413.0,166747.0,278852.0,395039.0,395604.0,359053.0,299177.0,217331.0,282944.0,942473.0,176193.0,35620
"Niles-Benton Harbor, MI Metro Area",17834.0,721.0,2224.0,3111.0,1828.0,1304.0,1436.0,1194.0,1093.0,3592.0,1331.0,35660
"North Port-Sarasota-Bradenton, FL Metro Area",85437.0,2499.0,5951.0,12551.0,9562.0,9110.0,6691.0,5283.0,7835.0,21316.0,4639.0,35840
"North Wilkesboro, NC Micro Area",7885.0,239.0,1071.0,940.0,566.0,451.0,549.0,664.0,766.0,1581.0,1058.0,35900
"Norwich-New London, CT Metro Area",36595.0,702.0,3542.0,4766.0,5217.0,4631.0,4311.0,1508.0,3104.0,7359.0,1455.0,35980
"Orangeburg, SC Micro Area",11295.0,390.0,532.0,538.0,1695.0,893.0,718.0,466.0,1194.0,1244.0,3625.0,36700
"Orlando-Kissimmee-Sanford, FL Metro Area",341468.0,7515.0,18199.0,38372.0,38194.0,40024.0,30878.0,25414.0,37265.0,86409.0,19198.0,36740
"Oshkosh-Neenah, WI Metro Area",23548.0,827.0,3305.0,4084.0,3130.0,2136.0,1805.0,1758.0,1792.0,3347.0,1364.0,36780
"Ottawa-Peru, IL Micro Area",17042.0,703.0,1460.0,2078.0,2662.0,1894.0,1986.0,1157.0,1052.0,2970.0,1080.0,36860
"Owensboro, KY Metro Area",14293.0,616.0,1971.0,1740.0,1622.0,1231.0,1064.0,454.0,1467.0,3231.0,897.0,36980
"Oak Harbor, WA Micro Area",9291.0,175.0,956.0,675.0,1891.0,888.0,955.0,619.0,929.0,1670.0,533.0,36020
"Ocala, FL Metro Area",35010.0,1394.0,2361.0,4074.0,3771.0,3685.0,2518.0,1726.0,2462.0,8299.0,4720.0,36100
"Ocean City, NJ Metro Area",7677.0,156.0,298.0,259.0,963.0,534.0,476.0,814.0,896.0,2335.0,946.0,36140
"Odessa, TX Metro Area",19177.0,678.0,2303.0,2710.0,2533.0,2622.0,2045.0,511.0,1396.0,2542.0,1837.0,36220
"Ogden-Clearfield, UT Metro Area",50897.0,2123.0,5131.0,8844.0,7455.0,5545.0,3698.0,2779.0,3758.0,9068.0,2496.0,36260
"Ogdensburg-Massena, NY Micro Area",11839.0,986.0,858.0,1923.0,1329.0,1498.0,255.0,578.0,689.0,2746.0,977.0,36300
"Oklahoma City, OK Metro Area",192848.0,6829.0,18551.0,28961.0,26171.0,18678.0,12858.0,13227.0,13942.0,38993.0,14638.0,36420
"Olean, NY Micro Area",9153.0,544.0,1141.0,1046.0,978.0,1420.0,528.0,576.0,529.0,1662.0,729.0,36460
"Olympia-Tumwater, WA Metro Area",39779.0,1944.0,3086.0,4838.0,4595.0,4564.0,4419.0,2846.0,2996.0,9106.0,1385.0,36500
"Omaha-Council Bluffs, NE-IA Metro Area",127305.0,4728.0,12252.0,19170.0,17014.0,14030.0,9362.0,7883.0,9977.0,25704.0,7185.0,36540
"Opelousas, LA Micro Area",10337.0,637.0,182.0,978.0,1020.0,670.0,674.0,971.0,1081.0,2091.0,2033.0,36660
"Owosso, MI Micro Area",7720.0,243.0,691.0,1637.0,1002.0,748.0,373.0,814.0,568.0,1116.0,528.0,37020
"Oxnard-Thousand Oaks-Ventura, CA Metro Area",102016.0,2039.0,6221.0,8410.0,11452.0,11328.0,8645.0,7850.0,10791.0,29462.0,5818.0,37100
"Paducah, KY-IL Micro Area",12645.0,740.0,1029.0,1418.0,1892.0,786.0,1317.0,1075.0,799.0,2328.0,1261.0,37140
"Palatka, FL Micro Area",6296.0,225.0,461.0,927.0,736.0,813.0,92.0,320.0,413.0,1430.0,879.0,37260
"Palm Bay-Melbourne-Titusville, FL Metro Area",55114.0,1866.0,2730.0,4951.0,6031.0,6498.0,5407.0,4933.0,5391.0,14123.0,3184.0,37340
"Panama City, FL Metro Area",25141.0,364.0,2195.0,2815.0,3101.0,4037.0,2408.0,1754.0,1831.0,5269.0,1367.0,37460
"Parkersburg-Vienna, WV Metro Area",10502.0,107.0,646.0,1246.0,959.0,1178.0,787.0,927.0,1205.0,1991.0,1456.0,37620
"Pensacola-Ferry Pass-Brent, FL Metro Area",58406.0,2216.0,4296.0,6793.0,9004.0,6258.0,5175.0,4220.0,6096.0,10361.0,3987.0,37860
"Peoria, IL Metro Area",45071.0,2247.0,4669.0,5809.0,5478.0,4930.0,2295.0,2559.0,3153.0,9475.0,4456.0,37900
"Philadelphia-Camden-Wilmington, PA-NJ-DE-MD Metro Area",764467.0,27797.0,62674.0,94239.0,88526.0,78025.0,63140.0,42251.0,57750.0,202480.0,47585.0,37980
"Portland-South Portland, ME Metro Area",67663.0,1669.0,5911.0,8657.0,8250.0,8346.0,7134.0,4464.0,4842.0,14559.0,3831.0,38860
"Portland-Vancouver-Hillsboro, OR-WA Metro Area",359090.0,9287.0,25450.0,44731.0,48357.0,49400.0,29026.0,23060.0,34677.0,79268.0,15834.0,38900
"Port St. Lucie, FL Metro Area",44035.0,861.0,986.0,4612.0,4453.0,4960.0,5675.0,3160.0,5037.0,11563.0,2728.0,38940
"Phoenix-Mesa-Scottsdale, AZ Metro Area",624706.0,21042.0,49733.0,82817.0,86701.0,73654.0,56178.0,37023.0,54338.0,129582.0,33638.0,38060
"Pine Bluff, AR Metro Area",12014.0,553.0,1601.0,1465.0,744.0,761.0,1029.0,796.0,1263.0,2024.0,1778.0,38220
"Pinehurst-Southern Pines, NC Micro Area",9526.0,983.0,1378.0,1355.0,1118.0,1327.0,383.0,323.0,534.0,1087.0,1038.0,38240
"Pittsburgh, PA Metro Area",308230.0,14058.0,34326.0,40796.0,32780.0,34359.0,25798.0,18536.0,20838.0,62678.0,24061.0,38300
"Pittsfield, MA Metro Area",17573.0,697.0,2010.0,1816.0,1662.0,1631.0,1959.0,1293.0,920.0,4858.0,727.0,38340
"Plattsburgh, NY Micro Area",9920.0,625.0,1007.0,1391.0,1286.0,638.0,962.0,507.0,474.0,2069.0,961.0,38460
"Pocatello, ID Metro Area",10639.0,988.0,968.0,1521.0,1936.0,754.0,381.0,631.0,688.0,2103.0,669.0,38540
"Ponce, PR Metro Area",32903.0,514.0,1720.0,2385.0,2469.0,1894.0,1806.0,789.0,2072.0,5623.0,13631.0,38660
"Port Angeles, WA Micro Area",9225.0,400.0,815.0,1948.0,406.0,680.0,500.0,472.0,1070.0,2176.0,758.0,38820
"Portsmouth, OH Micro Area",9682.0,481.0,1484.0,746.0,645.0,1373.0,894.0,574.0,513.0,1803.0,1169.0,39020
"Pottsville, PA Micro Area",14215.0,633.0,1550.0,1247.0,1098.0,1294.0,1865.0,455.0,766.0,3272.0,2035.0,39060
"Prescott, AZ Metro Area",26935.0,697.0,2631.0,3439.0,3113.0,1708.0,1476.0,2183.0,3992.0,5301.0,2395.0,39140
"Providence-Warwick, RI-MA Metro Area",239105.0,11821.0,21259.0,32417.0,25949.0,28212.0,21753.0,16237.0,18481.0,48937.0,14039.0,39300
"Provo-Orem, UT Metro Area",52802.0,1016.0,4983.0,8179.0,6729.0,6139.0,5630.0,4026.0,3923.0,10127.0,2050.0,39340
"Pueblo, CO Metro Area",22544.0,988.0,1251.0,2416.0,2456.0,2098.0,2356.0,999.0,2172.0,6168.0,1640.0,39380
"Punta Gorda, FL Metro Area",12467.0,144.0,736.0,1244.0,1326.0,897.0,900.0,672.0,1336.0,4658.0,554.0,39460
"Quincy, IL-MO Micro Area",8421.0,297.0,1340.0,505.0,1253.0,853.0,769.0,178.0,616.0,1432.0,1178.0,39500
"Racine, WI Metro Area",25822.0,920.0,2048.0,2492.0,2407.0,3588.0,2954.0,1885.0,2767.0,6012.0,749.0,39540
"Raleigh, NC Metro Area",176354.0,6849.0,17577.0,26309.0,26083.0,19395.0,15796.0,10695.0,16319.0,29050.0,8281.0,39580
"Rapid City, SD Metro Area",17438.0,303.0,1566.0,2234.0,2346.0,2400.0,1713.0,2384.0,1504.0,2174.0,814.0,39660
"Reading, PA Metro Area",44987.0,1556.0,3899.0,5203.0,5070.0,4198.0,4788.0,3221.0,4349.0,9675.0,3028.0,39740
"Redding, CA Metro Area",23796.0,761.0,1744.0,3545.0,2605.0,2006.0,1976.0,737.0,1920.0,6893.0,1609.0,39820
"Reno, NV Metro Area",78428.0,3308.0,6581.0,10726.0,10906.0,9346.0,5799.0,5330.0,8429.0,14849.0,3154.0,39900
"Richmond, IN Micro Area",9957.0,384.0,1091.0,1756.0,1233.0,1274.0,1064.0,778.0,861.0,742.0,774.0,39980
"Richmond, VA Metro Area",171199.0,6757.0,12181.0,22355.0,22203.0,19005.0,15428.0,12661.0,14309.0,36948.0,9352.0,40060
"Richmond-Berea, KY Micro Area",15212.0,1321.0,1943.0,1560.0,1953.0,1751.0,969.0,804.0,963.0,2692.0,1256.0,40080
"Riverside-San Bernardino-Ontario, CA Metro Area",483970.0,13474.0,27440.0,46036.0,50249.0,51050.0,43118.0,37641.0,51538.0,140822.0,22602.0,40140
"Roanoke, VA Metro Area",41165.0,1973.0,4820.0,5167.0,3653.0,4386.0,3527.0,1712.0,4039.0,9768.0,2120.0,40220
"Roanoke Rapids, NC Micro Area",9956.0,218.0,541.0,1227.0,767.0,735.0,1390.0,761.0,388.0,2236.0,1693.0,40260
"Rochester, MN Metro Area",23806.0,1172.0,1763.0,3270.0,3144.0,3062.0,1405.0,1948.0,1427.0,5050.0,1565.0,40340
"Rochester, NY Metro Area",136951.0,4971.0,10156.0,15798.0,15309.0,15717.0,12785.0,7504.0,10181.0,38931.0,5599.0,40380
"Rockford, IL Metro Area",41426.0,1575.0,3421.0,5261.0,5843.0,4554.0,3635.0,2714.0,2837.0,9055.0,2531.0,40420
"Rocky Mount, NC Metro Area",20011.0,951.0,1720.0,2290.0,2281.0,2099.0,1660.0,1274.0,751.0,4394.0,2591.0,40580
"Rome, GA Metro Area",13797.0,309.0,1658.0,1397.0,823.0,1206.0,1541.0,1758.0,1432.0,2382.0,1291.0,40660
"Roseburg, OR Micro Area",13634.0,840.0,1355.0,2015.0,2390.0,1304.0,651.0,1010.0,1032.0,2170.0,867.0,40700
"Roswell, NM Micro Area",8296.0,69.0,881.0,1132.0,980.0,859.0,1030.0,305.0,635.0,1295.0,1110.0,40740
"Russellville, AR Micro Area",8325.0,321.0,1245.0,954.0,927.0,424.0,697.0,895.0,332.0,1491.0,1039.0,40780
"Sacramento--Roseville--Arden-Arcade, CA Metro Area",328335.0,7027.0,22108.0,34304.0,39821.0,37901.0,27005.0,22879.0,31599.0,88638.0,17053.0,40900
"Saginaw, MI Metro Area",23216.0,1335.0,1795.0,1749.0,2426.0,2865.0,2108.0,1764.0,1952.0,5517.0,1705.0,40980
"Salisbury, MD-DE Metro Area",41901.0,1428.0,3961.0,4167.0,4757.0,3130.0,4336.0,2872.0,4315.0,9198.0,3737.0,41540
"Salt Lake City, UT Metro Area",130931.0,5156.0,10775.0,19189.0,17219.0,16316.0,11070.0,8034.0,11480.0,25400.0,6292.0,41620
"San Angelo, TX Metro Area",16460.0,721.0,2229.0,2330.0,2766.0,736.0,790.0,1265.0,1277.0,3519.0,827.0,41660
"San Antonio-New Braunfels, TX Metro Area",310532.0,7142.0,21232.0,36898.0,35976.0,37521.0,27080.0,18835.0,26661.0,68691.0,30496.0,41700
"San Diego-Carlsbad, CA Metro Area",530366.0,10335.0,30549.0,52828.0,61553.0,59812.0,49084.0,37046.0,57521.0,151485.0,20153.0,41740
"Sandusky, OH Micro Area",9238.0,430.0,708.0,1482.0,1640.0,629.0,1043.0,336.0,97.0,2752.0,121.0,41780
"San Francisco-Oakland-Hayward, CA Metro Area",765074.0,42684.0,75302.0,96130.0,99668.0,85383.0,59152.0,41475.0,64905.0,168242.0,32133.0,41860
"San Germán, PR Metro Area",12184.0,42.0,493.0,484.0,502.0,761.0,231.0,428.0,940.0,1176.0,7127.0,41900
"San Jose-Sunnyvale-Santa Clara, CA Metro Area",294146.0,14010.0,27897.0,39205.0,41370.0,29889.0,27487.0,17444.0,23364.0,62166.0,11314.0,41940
"San Juan-Carolina-Caguas, PR Metro Area",245385.0,4245.0,12249.0,14324.0,14693.0,14899.0,12129.0,9617.0,12532.0,42550.0,108147.0,41980
"St. Cloud, MN Metro Area",24273.0,1059.0,3028.0,3570.0,2814.0,1926.0,1717.0,1661.0,2404.0,4868.0,1226.0,41060
"St. George, UT Metro Area",17183.0,277.0,1361.0,1998.0,2602.0,2028.0,1497.0,1428.0,1738.0,2414.0,1840.0,41100
"St. Joseph, MO-KS Metro Area",15418.0,678.0,2206.0,1579.0,1641.0,1450.0,1143.0,518.0,1016.0,3227.0,1960.0,41140
"St. Louis, MO-IL Metro Area",359888.0,11383.0,36837.0,49333.0,44646.0,38228.0,27295.0,18259.0,31217.0,79115.0,23575.0,41180
"Salem, OH Micro Area",11422.0,777.0,631.0,1683.0,1011.0,823.0,1409.0,880.0,603.0,2364.0,1241.0,41400
"Salem, OR Metro Area",60751.0,1756.0,6847.0,5992.0,6499.0,6146.0,5024.0,4640.0,6263.0,15553.0,2031.0,41420
"Salinas, CA Metro Area",61503.0,1583.0,4046.0,7656.0,6554.0,6537.0,6567.0,4536.0,5779.0,15319.0,2926.0,41500
"San Luis Obispo-Paso Robles-Arroyo Grande, CA Metro Area",41118.0,789.0,2913.0,2857.0,4244.0,4365.0,4793.0,3320.0,4154.0,9908.0,3775.0,42020
"Santa Cruz-Watsonville, CA Metro Area",37907.0,1063.0,2267.0,2588.0,4139.0,4380.0,2700.0,3483.0,4762.0,10352.0,2173.0,42100
"Santa Fe, NM Metro Area",18075.0,1256.0,2001.0,2081.0,2029.0,876.0,1771.0,817.0,1348.0,4392.0,1504.0,42140
"Santa Maria-Santa Barbara, CA Metro Area",69620.0,1764.0,3818.0,7359.0,7380.0,6985.0,5984.0,5064.0,8242.0,19646.0,3378.0,42200
"Santa Rosa, CA Metro Area",72190.0,1884.0,4319.0,8752.0,7823.0,9128.0,5593.0,5893.0,5999.0,19798.0,3001.0,42220
"Savannah, GA Metro Area",56498.0,809.0,3585.0,7684.0,6466.0,6169.0,5352.0,3919.0,4640.0,13287.0,4587.0,42340
"Scranton--Wilkes-Barre--Hazleton, PA Metro Area",74083.0,3441.0,8754.0,9684.0,8137.0,6632.0,4643.0,4847.0,4654.0,16197.0,7094.0,42540
"Searcy, AR Micro Area",10561.0,191.0,277.0,1040.0,1991.0,1172.0,608.0,626.0,760.0,1770.0,2126.0,42620
"Seattle-Tacoma-Bellevue, WA Metro Area",614200.0,17194.0,48006.0,84707.0,84565.0,76869.0,56167.0,39848.0,52256.0,131476.0,23112.0,42660
"Sebastian-Vero Beach, FL Metro Area",10101.0,130.0,746.0,738.0,480.0,1966.0,393.0,611.0,790.0,3029.0,1218.0,42680
"Sebring, FL Metro Area",8675.0,60.0,547.0,1159.0,632.0,836.0,722.0,953.0,801.0,1624.0,1341.0,42700
"Seneca, SC Micro Area",8419.0,384.0,558.0,975.0,1214.0,615.0,704.0,746.0,221.0,1899.0,1103.0,42860
"Sevierville, TN Micro Area",11469.0,514.0,871.0,1739.0,1326.0,1049.0,1288.0,1000.0,356.0,2520.0,806.0,42940
"Shawnee, OK Micro Area",8467.0,293.0,1092.0,974.0,1243.0,667.0,622.0,616.0,338.0,1716.0,906.0,43060
"Sheboygan, WI Metro Area",13106.0,531.0,2340.0,2443.0,1711.0,1099.0,912.0,448.0,1148.0,2077.0,397.0,43100
"Shelby, NC Micro Area",11269.0,700.0,1100.0,798.0,943.0,1202.0,1304.0,623.0,608.0,2221.0,1770.0,43140
"Shelton, WA Micro Area",6977.0,525.0,702.0,377.0,696.0,288.0,292.0,188.0,217.0,2110.0,1582.0,43220
"Sherman-Denison, TX Metro Area",16167.0,476.0,791.0,1652.0,2137.0,2092.0,1312.0,483.0,1269.0,4543.0,1412.0,43300
"Show Low, AZ Micro Area",10030.0,896.0,1504.0,847.0,1108.0,619.0,1148.0,205.0,770.0,1163.0,1770.0,43320
"Shreveport-Bossier City, LA Metro Area",65989.0,2122.0,5655.0,5656.0,5339.0,5135.0,5117.0,4873.0,6216.0,18560.0,7316.0,43340
"Sierra Vista-Douglas, AZ Metro Area",14049.0,949.0,872.0,1870.0,1754.0,1345.0,1329.0,989.0,1024.0,2766.0,1151.0,43420
"Sioux City, IA-NE-SD Metro Area",20997.0,1890.0,3108.0,2713.0,1668.0,3229.0,1208.0,1306.0,1417.0,3295.0,1163.0,43580
"Sioux Falls, SD Metro Area",33829.0,947.0,3278.0,4418.0,4797.0,3738.0,3389.0,2271.0,2494.0,6678.0,1819.0,43620
"Somerset, PA Micro Area",5992.0,458.0,382.0,1192.0,392.0,591.0,481.0,409.0,266.0,630.0,1191.0,43740
"South Bend-Mishawaka, IN-MI Metro Area",38750.0,3108.0,3603.0,4076.0,5768.0,3914.0,3332.0,2348.0,2915.0,7035.0,2651.0,43780
"Spartanburg, SC Metro Area",37318.0,1407.0,4545.0,4377.0,4690.0,4576.0,3016.0,1691.0,2122.0,6596.0,4298.0,43900
"Springfield, IL Metro Area",27712.0,1151.0,3462.0,3398.0,2042.0,2664.0,1891.0,1539.0,1804.0,7613.0,2148.0,44100
"Springfield, MA Metro Area",91567.0,3751.0,7602.0,10052.0,9117.0,10535.0,8904.0,5703.0,6699.0,22990.0,6214.0,44140
"Springfield, MO Metro Area",73200.0,2537.0,6576.0,10584.0,7139.0,7282.0,6093.0,5189.0,4652.0,17969.0,5179.0,44180
"Springfield, OH Metro Area",19269.0,1476.0,2310.0,3517.0,3501.0,1707.0,1141.0,986.0,690.0,2562.0,1379.0,44220
"State College, PA Metro Area",21542.0,1054.0,1505.0,2131.0,1679.0,1448.0,1148.0,916.0,2051.0,7066.0,2544.0,44300
"Statesboro, GA Micro Area",13655.0,895.0,551.0,1208.0,1425.0,1247.0,1310.0,1118.0,533.0,3413.0,1955.0,44340
"Staunton-Waynesboro, VA Metro Area",15916.0,1088.0,1461.0,1920.0,1148.0,2247.0,1114.0,842.0,1295.0,3598.0,1203.0,44420
"Stevens Point, WI Micro Area",9071.0,456.0,577.0,1490.0,1085.0,819.0,803.0,954.0,317.0,2043.0,527.0,44620
"Stillwater, OK Micro Area",13953.0,340.0,1891.0,880.0,1686.0,1217.0,579.0,656.0,1455.0,3358.0,1891.0,44660
"Stockton-Lodi, CA Metro Area",105439.0,1830.0,7853.0,12469.0,14217.0,9656.0,11130.0,6798.0,10161.0,26087.0,5238.0,44700
"Sumter, SC Metro Area",15206.0,1390.0,1475.0,1585.0,1234.0,1601.0,1484.0,1224.0,1092.0,2468.0,1653.0,44940
"Sunbury, PA Micro Area",11628.0,424.0,1021.0,779.0,1321.0,1827.0,836.0,563.0,824.0,2403.0,1630.0,44980
"Spokane-Spokane Valley, WA Metro Area",80536.0,2938.0,7285.0,9989.0,9575.0,8665.0,8312.0,4570.0,6242.0,18994.0,3966.0,44060
"Syracuse, NY Metro Area",82115.0,2873.0,8731.0,9500.0,9891.0,10025.0,5092.0,3980.0,5303.0,20991.0,5729.0,45060
"Talladega-Sylacauga, AL Micro Area",10418.0,600.0,842.0,605.0,693.0,893.0,920.0,654.0,654.0,3010.0,1547.0,45180
"Tallahassee, FL Metro Area",59846.0,1750.0,5232.0,6018.0,5311.0,5734.0,4545.0,2971.0,5265.0,16439.0,6581.0,45220
"Tampa-St. Petersburg-Clearwater, FL Metro Area",432831.0,10269.0,27544.0,43729.0,56923.0,53132.0,39336.0,29563.0,42400.0,105062.0,24873.0,45300
"Terre Haute, IN Metro Area",22917.0,673.0,2343.0,2586.0,2513.0,1917.0,1967.0,1704.0,2657.0,4524.0,2033.0,45460
"Texarkana, TX-AR Metro Area",20702.0,1417.0,2219.0,1323.0,1607.0,2020.0,737.0,1157.0,2307.0,4996.0,2919.0,45500
"The Villages, FL Metro Area",7883.0,324.0,617.0,745.0,850.0,652.0,73.0,824.0,565.0,1261.0,1972.0,45540
"Toledo, OH Metro Area",92477.0,5195.0,9505.0,10281.0,12453.0,11754.0,6039.0,4589.0,6743.0,19138.0,6780.0,45780
"Topeka, KS Metro Area",30434.0,942.0,2404.0,3921.0,3399.0,3984.0,1858.0,1169.0,2865.0,8003.0,1889.0,45820
"Torrington, CT Micro Area",16410.0,808.0,985.0,1978.0,1666.0,1530.0,1733.0,1287.0,2058.0,3111.0,1254.0,45860
"Traverse City, MI Micro Area",12027.0,272.0,1766.0,757.0,1462.0,1759.0,862.0,485.0,798.0,2996.0,870.0,45900
"Trenton, NJ Metro Area",49761.0,1671.0,3567.0,4568.0,7291.0,6206.0,3368.0,4033.0,4173.0,12453.0,2431.0,45940
"Twin Falls, ID Metro Area",12524.0,257.0,1230.0,1285.0,1648.0,726.0,787.0,1865.0,549.0,2275.0,1902.0,46300
"Truckee-Grass Valley, CA Micro Area",10736.0,316.0,1072.0,1146.0,744.0,1093.0,1373.0,205.0,636.0,3372.0,779.0,46020
"Tucson, AZ Metro Area",151689.0,5524.0,11905.0,18624.0,17540.0,19651.0,13537.0,8519.0,12238.0,33320.0,10831.0,46060
"Tullahoma-Manchester, TN Micro Area",11844.0,501.0,1425.0,1169.0,1161.0,1519.0,1066.0,772.0,677.0,2055.0,1499.0,46100
"Tulsa, OK Metro Area",133682.0,6709.0,14188.0,17741.0,17867.0,12196.0,11188.0,7734.0,10937.0,25121.0,10001.0,46140
"Tupelo, MS Micro Area",14840.0,836.0,458.0,3708.0,1544.0,967.0,462.0,1209.0,1278.0,2380.0,1998.0,46180
"Tuscaloosa, AL Metro Area",31315.0,825.0,3267.0,3582.0,3402.0,3463.0,2328.0,1013.0,2372.0,7996.0,3067.0,46220
"Tyler, TX Metro Area",25458.0,1418.0,4190.0,3085.0,3125.0,1882.0,1706.0,1590.0,1768.0,5075.0,1619.0,46340
"Ukiah, CA Micro Area",14142.0,329.0,831.0,1247.0,1654.0,1492.0,1477.0,1365.0,1129.0,2891.0,1727.0,46380
"Valdosta, GA Metro Area",25015.0,875.0,2439.0,1431.0,2390.0,2545.0,2104.0,913.0,2357.0,4149.0,5812.0,46660
"Vallejo-Fairfield, CA Metro Area",56434.0,1153.0,4032.0,7155.0,6766.0,7188.0,5779.0,4916.0,3944.0,12691.0,2810.0,46700
"Urban Honolulu, HI Metro Area",137431.0,4264.0,8300.0,14702.0,15012.0,15067.0,13287.0,8438.0,14457.0,34006.0,9898.0,46520
"Utica-Rome, NY Metro Area",36881.0,1763.0,5021.0,5427.0,3178.0,2874.0,2806.0,1604.0,3031.0,7563.0,3614.0,46540
"Washington-Arlington-Alexandria, DC-VA-MD-WV Metro Area",814784.0,27093.0,64885.0,108557.0,117377.0,92978.0,72668.0,55643.0,62508.0,181156.0,31919.0,47900
"Waterloo-Cedar Falls, IA Metro Area",20933.0,627.0,1943.0,3197.0,1825.0,2224.0,1629.0,1201.0,1462.0,5619.0,1206.0,47940
"Victoria, TX Metro Area",10947.0,398.0,345.0,1275.0,965.0,895.0,519.0,899.0,485.0,3879.0,1287.0,47020
"Vineland-Bridgeton, NJ Metro Area",16264.0,227.0,521.0,1215.0,771.0,1851.0,1804.0,1129.0,1387.0,6579.0,780.0,47220
"Virginia Beach-Norfolk-Newport News, VA-NC Metro Area",257608.0,6367.0,17109.0,30433.0,31817.0,31149.0,24711.0,19115.0,25840.0,55991.0,15076.0,47260
"Visalia-Porterville, CA Metro Area",57335.0,2137.0,6462.0,5461.0,5105.0,4032.0,5223.0,3772.0,5643.0,15944.0,3556.0,47300
"Kalamazoo-Portage, MI Metro Area",43257.0,2169.0,3354.0,5220.0,6408.0,4480.0,4582.0,1716.0,4404.0,8605.0,2319.0,28020
"Kalispell, MT Micro Area",10709.0,551.0,773.0,1448.0,794.0,1239.0,727.0,562.0,713.0,2726.0,1176.0,28060
"Kankakee, IL Metro Area",13353.0,264.0,890.0,1142.0,1680.0,1213.0,1297.0,1013.0,1576.0,3358.0,920.0,28100
"Kansas City, MO-KS Metro Area",292182.0,11928.0,29286.0,40291.0,39731.0,31271.0,23271.0,19058.0,23592.0,57664.0,16090.0,28140
"Kapaa, HI Micro Area",9247.0,572.0,1150.0,807.0,1111.0,979.0,621.0,389.0,719.0,1815.0,1084.0,28180
"Keene, NH Micro Area",9345.0,611.0,878.0,867.0,1227.0,1261.0,456.0,1070.0,783.0,1981.0,211.0,28300
"Kennewick-Richland, WA Metro Area",32496.0,663.0,2948.0,5062.0,4819.0,3294.0,3365.0,2635.0,2703.0,4823.0,2184.0,28420
"Key West, FL Micro Area",11279.0,247.0,579.0,841.0,780.0,1358.0,1238.0,1020.0,1371.0,3031.0,814.0,28580
"Killeen-Temple, TX Metro Area",66702.0,2462.0,6477.0,8394.0,10768.0,7552.0,5004.0,5135.0,4994.0,12018.0,3898.0,28660
"Kingsport-Bristol-Bristol, TN-VA Metro Area",33470.0,1481.0,3781.0,3934.0,3365.0,3448.0,2603.0,2359.0,1649.0,5975.0,4875.0,28700
"Kingston, NY Metro Area",22663.0,788.0,1507.0,1966.0,2125.0,2928.0,2506.0,1760.0,1021.0,6044.0,2018.0,28740
"Klamath Falls, OR Micro Area",9732.0,373.0,1589.0,1466.0,650.0,507.0,1278.0,132.0,333.0,2853.0,551.0,28900
"Knoxville, TN Metro Area",107919.0,4487.0,9309.0,14987.0,10694.0,11977.0,9729.0,7110.0,8053.0,21574.0,9999.0,28940
"Kokomo, IN Metro Area",11267.0,1569.0,1147.0,1556.0,1623.0,741.0,616.0,430.0,367.0,2842.0,376.0,29020
"La Crosse-Onalaska, WI-MN Metro Area",20281.0,652.0,2105.0,2998.0,3283.0,1965.0,1651.0,988.0,1289.0,4165.0,1185.0,29100
"Lafayette, LA Metro Area",57686.0,3141.0,6990.0,4638.0,5842.0,4538.0,4597.0,1871.0,4659.0,13000.0,8410.0,29180
"Lafayette-West Lafayette, IN Metro Area",35477.0,579.0,3407.0,4022.0,3476.0,3510.0,3863.0,1812.0,2716.0,9396.0,2696.0,29200
"LaGrange, GA Micro Area",10800.0,383.0,1136.0,589.0,1162.0,689.0,982.0,260.0,1047.0,3357.0,1195.0,29300
"Lake Charles, LA Metro Area",26862.0,1403.0,3871.0,3308.0,2943.0,2079.0,1891.0,1648.0,2708.0,4161.0,2850.0,29340
"Lake City, FL Micro Area",6613.0,516.0,741.0,597.0,1064.0,673.0,456.0,335.0,773.0,948.0,510.0,29380
"Lake Havasu City-Kingman, AZ Metro Area",26616.0,1376.0,2355.0,3447.0,2937.0,3085.0,1524.0,1785.0,1777.0,4669.0,3661.0,29420
"Lakeland-Winter Haven, FL Metro Area",73224.0,1950.0,5446.0,10318.0,9327.0,9291.0,6767.0,4788.0,5687.0,13912.0,5738.0,29460
"Lancaster, PA Metro Area",66038.0,1787.0,7090.0,9052.0,8641.0,5909.0,5521.0,5425.0,5426.0,13470.0,3717.0,29540
"Lansing-East Lansing, MI Metro Area",65471.0,2662.0,5453.0,8359.0,6695.0,7051.0,4267.0,3290.0,5753.0,17756.0,4185.0,29620
"Laredo, TX Metro Area",29464.0,814.0,2145.0,3779.0,3016.0,3737.0,1869.0,1871.0,2368.0,7008.0,2857.0,29700
"Las Cruces, NM Metro Area",31765.0,598.0,2996.0,2513.0,3437.0,3483.0,2769.0,2355.0,3357.0,7628.0,2629.0,29740
"Las Vegas-Henderson-Paradise, NV Metro Area",370321.0,9934.0,26205.0,42372.0,48334.0,37062.0,34269.0,24746.0,36177.0,91012.0,20210.0,29820
"Laurel, MS Micro Area",7200.0,702.0,786.0,526.0,1154.0,284.0,260.0,233.0,638.0,1081.0,1536.0,29860
"Lawrence, KS Metro Area",23008.0,839.0,1383.0,2818.0,3934.0,1927.0,1545.0,1300.0,1438.0,6871.0,953.0,29940
"Lawton, OK Metro Area",19420.0,710.0,2817.0,3129.0,2781.0,1453.0,977.0,914.0,2094.0,3105.0,1440.0,30020
"Lebanon, PA Metro Area",16007.0,565.0,1804.0,2876.0,1791.0,1423.0,1372.0,506.0,1420.0,3559.0,691.0,30140
"Lewiston, ID-WA Metro Area",6855.0,707.0,567.0,556.0,677.0,664.0,437.0,518.0,496.0,1782.0,451.0,30300
"Lewiston-Auburn, ME Metro Area",17309.0,565.0,1548.0,1865.0,2221.0,3265.0,1160.0,1110.0,1490.0,3391.0,694.0,30340
"Lexington-Fayette, KY Metro Area",81546.0,3108.0,6438.0,11441.0,11308.0,9446.0,8646.0,3574.0,5515.0,17184.0,4886.0,30460
"Lima, OH Metro Area",14401.0,1165.0,1200.0,1791.0,1863.0,1883.0,1570.0,1010.0,468.0,2790.0,661.0,30620
"Lincoln, NE Metro Area",52352.0,2050.0,5118.0,9295.0,7792.0,6188.0,2778.0,3207.0,2591.0,11375.0,1958.0,30700
"Little Rock-North Little Rock-Conway, AR Metro Area",99308.0,4322.0,7996.0,13341.0,9771.0,10840.0,9040.0,7970.0,6512.0,23116.0,6400.0,30780
"Logan, UT-ID Metro Area",15277.0,688.0,1395.0,2269.0,1732.0,1432.0,1035.0,1182.0,1649.0,3279.0,616.0,30860
"London, KY Micro Area",15518.0,1244.0,1166.0,1126.0,1825.0,1116.0,1437.0,1189.0,502.0,2382.0,3531.0,30940
"Longview, TX Metro Area",25308.0,1316.0,1883.0,3186.0,3501.0,1999.0,1185.0,2217.0,2187.0,5140.0,2694.0,30980
"Longview, WA Metro Area",13875.0,449.0,1110.0,2225.0,1563.0,1154.0,1682.0,775.0,1470.0,2549.0,898.0,31020
"Los Angeles-Long Beach-Anaheim, CA Metro Area",2255530.0,59531.0,142037.0,222539.0,255072.0,247474.0,199589.0,157492.0,226603.0,637960.0,107233.0,31080
"Louisville/Jefferson County, KY-IN Metro Area",168200.0,7611.0,17332.0,23003.0,18402.0,17653.0,11800.0,11682.0,12765.0,36216.0,11736.0,31140
"Lubbock, TX Metro Area",52004.0,1606.0,3418.0,4548.0,4580.0,5350.0,4483.0,2469.0,5328.0,16236.0,3986.0,31180
"Lufkin, TX Micro Area",10461.0,691.0,2003.0,469.0,883.0,446.0,1093.0,997.0,712.0,2362.0,805.0,31260
"Lumberton, NC Micro Area",16336.0,885.0,1284.0,1749.0,1386.0,1562.0,1053.0,1044.0,1212.0,2817.0,3344.0,31300
"Lynchburg, VA Metro Area",31675.0,1509.0,3602.0,2406.0,3866.0,2629.0,2681.0,2535.0,3778.0,5479.0,3190.0,31340
"Macon-Bibb County, GA Metro Area",34631.0,935.0,2832.0,4636.0,3624.0,2413.0,2885.0,1461.0,3299.0,8980.0,3566.0,31420
"Madera, CA Metro Area",16065.0,231.0,1153.0,1860.0,1767.0,3170.0,1390.0,498.0,1271.0,3297.0,1428.0,31460
"Madison, WI Metro Area",107519.0,3351.0,9892.0,15143.0,15869.0,13099.0,10138.0,4922.0,9316.0,21819.0,3970.0,31540
"Manchester-Nashua, NH Metro Area",54743.0,2560.0,4207.0,7096.0,7952.0,5572.0,5770.0,3377.0,4105.0,12600.0,1504.0,31700
"Manhattan, KS Metro Area",17837.0,308.0,869.0,2471.0,1864.0,1615.0,1804.0,1209.0,1356.0,5554.0,787.0,31740
"Manitowoc, WI Micro Area",9029.0,593.0,1529.0,1420.0,1201.0,1020.0,425.0,729.0,500.0,876.0,736.0,31820
"Mankato-North Mankato, MN Metro Area",13007.0,315.0,1240.0,1525.0,2221.0,988.0,899.0,436.0,957.0,3661.0,765.0,31860
"Mansfield, OH Metro Area",16045.0,749.0,2959.0,1100.0,1430.0,2063.0,607.0,685.0,1748.0,3445.0,1259.0,31900
"Marinette, WI-MI Micro Area",6249.0,352.0,735.0,803.0,600.0,696.0,519.0,157.0,380.0,1151.0,856.0,31940
"Marion, IN Micro Area",6976.0,777.0,150.0,807.0,448.0,1320.0,456.0,550.0,231.0,1363.0,874.0,31980
